{
  "adId" : 6340,
  "campaignId" : 8041,
  "keyWords" : [ "Lilibe", "Best", "Prenatal", "DHA", "Supplement", "for", "Pregnant", "Women", "820mg", "Omega", "3", "Fish", "Oil", "Pregnancy", "Prenatal", "DHA", "Prenatal", "EPA", "Essential", "Fatty", "Acids", "for", "Baby", "Before", "During", "After", "Pregnancy", "100%", "Mercury", "Free" ],
  "relevanceScore" : 0.0,
  "pClick" : 0.0,
  "bidPrice" : 12.5,
  "rankScore" : 0.0,
  "qualityScore" : 0.0,
  "costPerClick" : 0.0,
  "position" : 0,
  "title" : "Lilibe Best Prenatal DHA Supplement for Pregnant Women 820mg Omega 3 Fish Oil Pregnancy Prenatal DHA Prenatal EPA Essential Fatty Acids for Baby Before During After Pregnancy 100% Mercury Free",
  "price" : "$ 24 97",
  "thumbnail" : "https://images-na.ssl-images-amazon.com/images/I/41DLFrdp86L._AC_US218_.jpg",
  "description" : null,
  "brand" : "Lilibe",
  "detail_url" : "https://www.amazon.com/gp/slredirect/picassoRedirect.html/ref=pa_sp_atf_aps_sr_pg1_1?ie=UTF8&adId=A04556363QUY015JK9IQJ&url=https%3A%2F%2Fwww.amazon.com%2FLilibe-Prenatal-Supplement-Pregnancy-Essential%2Fdp%2FB00VTKG7C0%2Fref%3Dsr_1_1%2F144-5227260-7469430%3Fie%3DUTF8%26qid%3D1499241776%26sr%3D8-1-spons%26keywords%3Dprenatal%2BDHA%2Bsupplement%26psc%3D1&qualifier=1499241776&id=616328905455924&widgetName=sp_atf",
  "query" : "prenatal DHA supplement",
  "category" : "",
  "query_group_id" : 10
}
{
  "adId" : 2435,
  "campaignId" : 8041,
  "keyWords" : [ "Garden", "of", "Life", "Prenatal", "DHA", "Omega", "3", "Fish", "Oil", "Supplement", "-", "Minami", "Natural", "Prenatal,", "30", "Softgels" ],
  "relevanceScore" : 0.0,
  "pClick" : 0.0,
  "bidPrice" : 12.5,
  "rankScore" : 0.0,
  "qualityScore" : 0.0,
  "costPerClick" : 0.0,
  "position" : 0,
  "title" : "Garden of Life Prenatal DHA Omega 3 Fish Oil Supplement - Minami Natural Prenatal, 30 Softgels",
  "price" : "$ 18 54",
  "thumbnail" : "https://images-na.ssl-images-amazon.com/images/I/51JgnoeuGVL._AC_US218_.jpg",
  "description" : null,
  "brand" : "Garden",
  "detail_url" : "https://www.amazon.com/gp/slredirect/picassoRedirect.html/ref=pa_sp_atf_aps_sr_pg1_2?ie=UTF8&adId=A0017249J6HRT4NRBMK7&url=https%3A%2F%2Fwww.amazon.com%2FGarden-Life-Prenatal-Omega-Supplement%2Fdp%2FB001U9I0M0%2Fref%3Dsr_1_2%2F144-5227260-7469430%3Fie%3DUTF8%26qid%3D1499241776%26sr%3D8-2-spons%26keywords%3Dprenatal%2BDHA%2Bsupplement%26psc%3D1&qualifier=1499241776&id=616328905455924&widgetName=sp_atf",
  "query" : "prenatal DHA supplement",
  "category" : "",
  "query_group_id" : 10
}
{
  "adId" : 687,
  "campaignId" : 8041,
  "keyWords" : [ "Diet", "Standards", "Prenatal", "DHA", "-", "Algae-Based", "=", "100%", "Vegan", "Pills", "-", "Best", "Omega", "3", "EPA", "&", "DHA", "Supplement", "to", "pair", "with", "Prenatal", "Vitamins", "for", "a", "Healthy", "Pregnancy", "-", "No", "Fish", "Oil,", "No", "Mercury,", "3rd", "Party", "Lab", "Tested!" ],
  "relevanceScore" : 0.0,
  "pClick" : 0.0,
  "bidPrice" : 12.5,
  "rankScore" : 0.0,
  "qualityScore" : 0.0,
  "costPerClick" : 0.0,
  "position" : 0,
  "title" : "Diet Standards Prenatal DHA - Algae-Based = 100% Vegan Pills - Best Omega 3 EPA & DHA Supplement to pair with Prenatal Vitamins for a Healthy Pregnancy - No Fish Oil, No Mercury, 3rd Party Lab Tested!",
  "price" : "$ 39 90",
  "thumbnail" : "https://images-na.ssl-images-amazon.com/images/I/41CSVCDu2cL._AC_US218_.jpg",
  "description" : null,
  "brand" : "Diet",
  "detail_url" : "https://www.amazon.com/Diet-Standards-Prenatal-DHA-Algae-Based/dp/B01FGCTZFW/ref=sr_1_3_a_it/144-5227260-7469430?ie=UTF8&qid=1499241776&sr=8-3&keywords=prenatal+DHA+supplement",
  "query" : "prenatal DHA supplement",
  "category" : "",
  "query_group_id" : 10
}
{
  "adId" : 9013,
  "campaignId" : 8041,
  "keyWords" : [ "Nordic", "Naturals", "-", "Prenatal", "DHA,", "Supports", "Brain", "Development", "in", "Babies", "During", "Pregnancy", "and", "Lactation,", "90", "Soft", "Gels" ],
  "relevanceScore" : 0.0,
  "pClick" : 0.0,
  "bidPrice" : 12.5,
  "rankScore" : 0.0,
  "qualityScore" : 0.0,
  "costPerClick" : 0.0,
  "position" : 0,
  "title" : "Nordic Naturals - Prenatal DHA, Supports Brain Development in Babies During Pregnancy and Lactation, 90 Soft Gels",
  "price" : "0.0",
  "thumbnail" : "https://images-na.ssl-images-amazon.com/images/I/415rAXjNZyL._AC_US218_.jpg",
  "description" : null,
  "brand" : "Nordic",
  "detail_url" : "https://www.amazon.com/Nordic-Naturals-Development-Pregnancy-Lactation/dp/B0058ABILW/ref=sr_1_4_a_it/144-5227260-7469430?ie=UTF8&qid=1499241776&sr=8-4&keywords=prenatal+DHA+supplement",
  "query" : "prenatal DHA supplement",
  "category" : "",
  "query_group_id" : 10
}
{
  "adId" : 5881,
  "campaignId" : 8041,
  "keyWords" : [ "Viva", "Naturals", "-", "The", "BEST", "Prenatal", "DHA", "for", "Pregnancy,", "500", "mg,", "180", "Softgels" ],
  "relevanceScore" : 0.0,
  "pClick" : 0.0,
  "bidPrice" : 12.5,
  "rankScore" : 0.0,
  "qualityScore" : 0.0,
  "costPerClick" : 0.0,
  "position" : 0,
  "title" : "Viva Naturals - The BEST Prenatal DHA for Pregnancy, 500 mg, 180 Softgels",
  "price" : "$ 24 95",
  "thumbnail" : "https://images-na.ssl-images-amazon.com/images/I/51nnUfcz-iL._AC_US218_.jpg",
  "description" : null,
  "brand" : "Viva",
  "detail_url" : "https://www.amazon.com/Viva-Naturals-Prenatal-Pregnancy-Softgels/dp/B00LH0WRBW/ref=sr_1_5_a_it/144-5227260-7469430?ie=UTF8&qid=1499241776&sr=8-5&keywords=prenatal+DHA+supplement",
  "query" : "prenatal DHA supplement",
  "category" : "",
  "query_group_id" : 10
}
{
  "adId" : 4738,
  "campaignId" : 8041,
  "keyWords" : [ "Rainbow", "Light", "Prenatal", "DHA,", "60", "Softgels" ],
  "relevanceScore" : 0.0,
  "pClick" : 0.0,
  "bidPrice" : 12.5,
  "rankScore" : 0.0,
  "qualityScore" : 0.0,
  "costPerClick" : 0.0,
  "position" : 0,
  "title" : "Rainbow Light Prenatal DHA, 60 Softgels",
  "price" : "$ 22 07",
  "thumbnail" : "https://images-na.ssl-images-amazon.com/images/I/41QiumG-UTL._AC_US218_.jpg",
  "description" : null,
  "brand" : "Rainbow",
  "detail_url" : "https://www.amazon.com/Rainbow-Light-Prenatal-DHA-Softgels/dp/B000WUJ7B6/ref=sr_1_6_a_it/144-5227260-7469430?ie=UTF8&qid=1499241776&sr=8-6&keywords=prenatal+DHA+supplement",
  "query" : "prenatal DHA supplement",
  "category" : "",
  "query_group_id" : 10
}
{
  "adId" : 1089,
  "campaignId" : 8041,
  "keyWords" : [ "Spectrum", "Essentials", "Prenatal", "DHA,", "200", "mg,", "60", "Softgels" ],
  "relevanceScore" : 0.0,
  "pClick" : 0.0,
  "bidPrice" : 12.5,
  "rankScore" : 0.0,
  "qualityScore" : 0.0,
  "costPerClick" : 0.0,
  "position" : 0,
  "title" : "Spectrum Essentials Prenatal DHA, 200 mg, 60 Softgels",
  "price" : "$ 14 24",
  "thumbnail" : "https://images-na.ssl-images-amazon.com/images/I/41W6hRfk+HL._AC_US218_.jpg",
  "description" : null,
  "brand" : "Spectrum",
  "detail_url" : "https://www.amazon.com/Spectrum-Essentials-Prenatal-DHA-Softgels/dp/B0011DN9EO/ref=sr_1_7_a_it/144-5227260-7469430?ie=UTF8&qid=1499241776&sr=8-7&keywords=prenatal+DHA+supplement",
  "query" : "prenatal DHA supplement",
  "category" : "",
  "query_group_id" : 10
}
{
  "adId" : 809,
  "campaignId" : 8041,
  "keyWords" : [ "New", "Chapter", "Prenatal", "DHA", "-", "Wholemega", "for", "Moms", "Fish", "Oil", "Supplement", "with", "Omega", "3's", "for", "Prenatal", "&", "Postnatal", "Support", "-", "90", "ct" ],
  "relevanceScore" : 0.0,
  "pClick" : 0.0,
  "bidPrice" : 12.5,
  "rankScore" : 0.0,
  "qualityScore" : 0.0,
  "costPerClick" : 0.0,
  "position" : 0,
  "title" : "New Chapter Prenatal DHA - Wholemega for Moms Fish Oil Supplement with Omega 3's for Prenatal & Postnatal Support - 90 ct",
  "price" : "$ 15 38",
  "thumbnail" : "https://images-na.ssl-images-amazon.com/images/I/51Sqslq6hWL._AC_US218_.jpg",
  "description" : null,
  "brand" : "New",
  "detail_url" : "https://www.amazon.com/New-Chapter-Prenatal-DHA-Supplement/dp/B0036BU9FQ/ref=sr_1_8_a_it/144-5227260-7469430?ie=UTF8&qid=1499241776&sr=8-8&keywords=prenatal+DHA+supplement",
  "query" : "prenatal DHA supplement",
  "category" : "",
  "query_group_id" : 10
}
{
  "adId" : 3402,
  "campaignId" : 8041,
  "keyWords" : [ "Garden", "of", "Life", "Prenatal", "DHA", "Omega", "3", "Fish", "Oil", "Supplement", "-", "Minami", "Natural", "Prenatal,", "30", "Softgels" ],
  "relevanceScore" : 0.0,
  "pClick" : 0.0,
  "bidPrice" : 12.5,
  "rankScore" : 0.0,
  "qualityScore" : 0.0,
  "costPerClick" : 0.0,
  "position" : 0,
  "title" : "Garden of Life Prenatal DHA Omega 3 Fish Oil Supplement - Minami Natural Prenatal, 30 Softgels",
  "price" : "$ 18 54",
  "thumbnail" : "https://images-na.ssl-images-amazon.com/images/I/51JgnoeuGVL._AC_US218_.jpg",
  "description" : null,
  "brand" : "Garden",
  "detail_url" : "https://www.amazon.com/Garden-Life-Prenatal-Omega-Supplement/dp/B001U9I0M0/ref=sr_1_9_a_it/144-5227260-7469430?ie=UTF8&qid=1499241776&sr=8-9&keywords=prenatal+DHA+supplement",
  "query" : "prenatal DHA supplement",
  "category" : "",
  "query_group_id" : 10
}
{
  "adId" : 2922,
  "campaignId" : 8041,
  "keyWords" : [ "Zahler", "Mighty", "Mini", "Prenatal", "DHA,", "One", "a", "day", "complete", "Premium", "Multivitamin", "supplement", "for", "Mother", "and", "Child,", "Prenatal", "with", "DHA", "vitamin", "supports", "brain", "development", "in", "babies,", "Certified", "Kosher" ],
  "relevanceScore" : 0.0,
  "pClick" : 0.0,
  "bidPrice" : 12.5,
  "rankScore" : 0.0,
  "qualityScore" : 0.0,
  "costPerClick" : 0.0,
  "position" : 0,
  "title" : "Zahler Mighty Mini Prenatal DHA, One a day complete Premium Multivitamin supplement for Mother and Child, Prenatal with DHA vitamin supports brain development in babies, Certified Kosher",
  "price" : "$ 24 95",
  "thumbnail" : "https://images-na.ssl-images-amazon.com/images/I/51hN1JaSfSL._AC_US218_.jpg",
  "description" : null,
  "brand" : "Zahler",
  "detail_url" : "https://www.amazon.com/Zahler-Multivitamin-supplement-development-Certified/dp/B01KYCBDMC/ref=sr_1_10_a_it/144-5227260-7469430?ie=UTF8&qid=1499241776&sr=8-10&keywords=prenatal+DHA+supplement",
  "query" : "prenatal DHA supplement",
  "category" : "",
  "query_group_id" : 10
}
{
  "adId" : 2746,
  "campaignId" : 8041,
  "keyWords" : [ "Lilibe", "Best", "Prenatal", "DHA", "Supplement", "for", "Pregnant", "Women", "820mg", "Omega", "3", "Fish", "Oil", "Pregnancy", "Prenatal", "DHA", "Prenatal", "EPA", "Essential", "Fatty", "Acids", "for", "Baby", "Before", "During", "After", "Pregnancy", "100%", "Mercury", "Free" ],
  "relevanceScore" : 0.0,
  "pClick" : 0.0,
  "bidPrice" : 12.5,
  "rankScore" : 0.0,
  "qualityScore" : 0.0,
  "costPerClick" : 0.0,
  "position" : 0,
  "title" : "Lilibe Best Prenatal DHA Supplement for Pregnant Women 820mg Omega 3 Fish Oil Pregnancy Prenatal DHA Prenatal EPA Essential Fatty Acids for Baby Before During After Pregnancy 100% Mercury Free",
  "price" : "$ 24 97",
  "thumbnail" : "https://images-na.ssl-images-amazon.com/images/I/41DLFrdp86L._AC_US218_.jpg",
  "description" : null,
  "brand" : "Lilibe",
  "detail_url" : "https://www.amazon.com/Lilibe-Prenatal-Supplement-Pregnancy-Essential/dp/B00VTKG7C0/ref=sr_1_11_a_it/144-5227260-7469430?ie=UTF8&qid=1499241776&sr=8-11&keywords=prenatal+DHA+supplement",
  "query" : "prenatal DHA supplement",
  "category" : "",
  "query_group_id" : 10
}
{
  "adId" : 8910,
  "campaignId" : 8041,
  "keyWords" : [ "Nature", "Made", "Prenatal", "plus", "DHA", "Softgels,", "60", "Count" ],
  "relevanceScore" : 0.0,
  "pClick" : 0.0,
  "bidPrice" : 12.5,
  "rankScore" : 0.0,
  "qualityScore" : 0.0,
  "costPerClick" : 0.0,
  "position" : 0,
  "title" : "Nature Made Prenatal plus DHA Softgels, 60 Count",
  "price" : "$ 9 21",
  "thumbnail" : "https://images-na.ssl-images-amazon.com/images/I/513AbfNw8nL._AC_US218_.jpg",
  "description" : null,
  "brand" : "Nature",
  "detail_url" : "https://www.amazon.com/Nature-Made-Prenatal-Softgels-Count/dp/B005DEK9FO/ref=sr_1_12_a_it/144-5227260-7469430?ie=UTF8&qid=1499241776&sr=8-12&keywords=prenatal+DHA+supplement",
  "query" : "prenatal DHA supplement",
  "category" : "",
  "query_group_id" : 10
}
{
  "adId" : 9501,
  "campaignId" : 8041,
  "keyWords" : [ "Zahler", "Prenatal", "DHA,", "Premium", "Prenatal", "Multivitamin", "supplement", "for", "Mother", "and", "Child,", "Prenatal", "with", "DHA", "supports", "brain", "development", "in", "babies,", "Certified", "Kosher", "(120", "Count)" ],
  "relevanceScore" : 0.0,
  "pClick" : 0.0,
  "bidPrice" : 12.5,
  "rankScore" : 0.0,
  "qualityScore" : 0.0,
  "costPerClick" : 0.0,
  "position" : 0,
  "title" : "Zahler Prenatal DHA, Premium Prenatal Multivitamin supplement for Mother and Child, Prenatal with DHA supports brain development in babies, Certified Kosher (120 Count)",
  "price" : "$ 58 63",
  "thumbnail" : "https://images-na.ssl-images-amazon.com/images/I/51tvWuuobNL._AC_US218_.jpg",
  "description" : null,
  "brand" : "Zahler",
  "detail_url" : "https://www.amazon.com/Zahler-Multivitamin-supplement-development-Certified/dp/B01KYBETJ2/ref=sr_1_13_a_it/144-5227260-7469430?ie=UTF8&qid=1499241776&sr=8-13&keywords=prenatal+DHA+supplement",
  "query" : "prenatal DHA supplement",
  "category" : "",
  "query_group_id" : 10
}
{
  "adId" : 6628,
  "campaignId" : 8041,
  "keyWords" : [ "Nordic", "Naturals", "-", "Prenatal", "DHA,", "Supports", "Brain", "Development", "in", "Babies", "During", "Pregnancy", "and", "Lactation,", "90", "Soft", "Gels", "(FFP)" ],
  "relevanceScore" : 0.0,
  "pClick" : 0.0,
  "bidPrice" : 12.5,
  "rankScore" : 0.0,
  "qualityScore" : 0.0,
  "costPerClick" : 0.0,
  "position" : 0,
  "title" : "Nordic Naturals - Prenatal DHA, Supports Brain Development in Babies During Pregnancy and Lactation, 90 Soft Gels (FFP)",
  "price" : "$ 24 61",
  "thumbnail" : "https://images-na.ssl-images-amazon.com/images/I/51ydWBaEuOL._AC_US218_.jpg",
  "description" : null,
  "brand" : "Nordic",
  "detail_url" : "https://www.amazon.com/Nordic-Naturals-Development-Pregnancy-Lactation/dp/B015RZ84V4/ref=sr_1_14_a_it/144-5227260-7469430?ie=UTF8&qid=1499241776&sr=8-14&keywords=prenatal+DHA+supplement",
  "query" : "prenatal DHA supplement",
  "category" : "",
  "query_group_id" : 10
}
{
  "adId" : 2300,
  "campaignId" : 8041,
  "keyWords" : [ "Garden", "of", "Life", "Ultra", "Pure", "EPA/DHA", "Omega", "3", "Fish", "Oil", "-", "Oceans", "3", "Oceans", "Mom", "Dietary", "Supplement", "with", "Antioxidants,", "30", "Softgels" ],
  "relevanceScore" : 0.0,
  "pClick" : 0.0,
  "bidPrice" : 12.5,
  "rankScore" : 0.0,
  "qualityScore" : 0.0,
  "costPerClick" : 0.0,
  "position" : 0,
  "title" : "Garden of Life Ultra Pure EPA/DHA Omega 3 Fish Oil - Oceans 3 Oceans Mom Dietary Supplement with Antioxidants, 30 Softgels",
  "price" : "$ 13 29",
  "thumbnail" : "https://images-na.ssl-images-amazon.com/images/I/51wr6-7Z7KL._AC_US218_.jpg",
  "description" : null,
  "brand" : "Garden",
  "detail_url" : "https://www.amazon.com/Garden-Life-Ultra-Pure-Omega/dp/B0039LF25A/ref=sr_1_15_a_it/144-5227260-7469430?ie=UTF8&qid=1499241776&sr=8-15&keywords=prenatal+DHA+supplement",
  "query" : "prenatal DHA supplement",
  "category" : "",
  "query_group_id" : 10
}
{
  "adId" : 103,
  "campaignId" : 8041,
  "keyWords" : [ "Enfamil", "Expecta", "Prenatal", "Dietary", "Supplement,", "30", "Count" ],
  "relevanceScore" : 0.0,
  "pClick" : 0.0,
  "bidPrice" : 12.5,
  "rankScore" : 0.0,
  "qualityScore" : 0.0,
  "costPerClick" : 0.0,
  "position" : 0,
  "title" : "Enfamil Expecta Prenatal Dietary Supplement, 30 Count",
  "price" : "$ 12 33",
  "thumbnail" : "https://images-na.ssl-images-amazon.com/images/I/51McdfTJBZL._AC_US218_.jpg",
  "description" : null,
  "brand" : "Enfamil",
  "detail_url" : "https://www.amazon.com/Enfamil-Expecta-Prenatal-Dietary-Supplement/dp/B00BR04QIE/ref=sr_1_16_a_it/144-5227260-7469430?ie=UTF8&qid=1499241776&sr=8-16&keywords=prenatal+DHA+supplement",
  "query" : "prenatal DHA supplement",
  "category" : "",
  "query_group_id" : 10
}
{
  "adId" : 2830,
  "campaignId" : 8041,
  "keyWords" : [ "Healthy", "Mama", "Be", "Well", "Rounded", "Prenatal", "Vitamin", "and", "DHA", "Supplement", "System,", "120", "Count" ],
  "relevanceScore" : 0.0,
  "pClick" : 0.0,
  "bidPrice" : 12.5,
  "rankScore" : 0.0,
  "qualityScore" : 0.0,
  "costPerClick" : 0.0,
  "position" : 0,
  "title" : "Healthy Mama Be Well Rounded Prenatal Vitamin and DHA Supplement System, 120 Count",
  "price" : "$ 28 49",
  "thumbnail" : "https://images-na.ssl-images-amazon.com/images/I/51Zhn7Xq6ZL._AC_US218_.jpg",
  "description" : null,
  "brand" : "Healthy",
  "detail_url" : "https://www.amazon.com/Healthy-Mama-Rounded-Prenatal-Supplement/dp/B00JUAMV2Q/ref=sr_1_17_a_it/144-5227260-7469430?ie=UTF8&qid=1499241776&sr=8-17&keywords=prenatal+DHA+supplement",
  "query" : "prenatal DHA supplement",
  "category" : "",
  "query_group_id" : 10
}
{
  "adId" : 3729,
  "campaignId" : 8041,
  "keyWords" : [ "Garden", "of", "Life", "Prenatal", "Vitamins", "-", "Vitamin", "Code", "Raw", "Prenatal", "Whole", "Food", "Multivitamin", "Supplement", "for", "Mom", "and", "Baby,", "Vegetarian,", "180", "Capsules" ],
  "relevanceScore" : 0.0,
  "pClick" : 0.0,
  "bidPrice" : 12.5,
  "rankScore" : 0.0,
  "qualityScore" : 0.0,
  "costPerClick" : 0.0,
  "position" : 0,
  "title" : "Garden of Life Prenatal Vitamins - Vitamin Code Raw Prenatal Whole Food Multivitamin Supplement for Mom and Baby, Vegetarian, 180 Capsules",
  "price" : "$ 39 07",
  "thumbnail" : "https://images-na.ssl-images-amazon.com/images/I/51k+PisWuGL._AC_US218_.jpg",
  "description" : null,
  "brand" : "Garden",
  "detail_url" : "https://www.amazon.com/Garden-Life-Prenatal-Vitamins-Multivitamin/dp/B005JAT3TU/ref=sr_1_18_a_it/144-5227260-7469430?ie=UTF8&qid=1499241776&sr=8-18&keywords=prenatal+DHA+supplement",
  "query" : "prenatal DHA supplement",
  "category" : "",
  "query_group_id" : 10
}
{
  "adId" : 8080,
  "campaignId" : 8041,
  "keyWords" : [ "Nordic", "Naturals", "-", "Children's", "DHA,", "Healthy", "Cognitive", "Development", "and", "Immune", "Function,", "360", "Soft", "Gels", "(FFP)" ],
  "relevanceScore" : 0.0,
  "pClick" : 0.0,
  "bidPrice" : 12.5,
  "rankScore" : 0.0,
  "qualityScore" : 0.0,
  "costPerClick" : 0.0,
  "position" : 0,
  "title" : "Nordic Naturals - Children's DHA, Healthy Cognitive Development and Immune Function, 360 Soft Gels (FFP)",
  "price" : "$ 37 36",
  "thumbnail" : "https://images-na.ssl-images-amazon.com/images/I/51Ycriqh3bL._AC_US218_.jpg",
  "description" : null,
  "brand" : "Nordic",
  "detail_url" : "https://www.amazon.com/gp/slredirect/picassoRedirect.html/ref=pa_sp_btf_aps_sr_pg1_1?ie=UTF8&adId=A08621613NOTOXOYWAKFN&url=https%3A%2F%2Fwww.amazon.com%2FNordic-Naturals-Childrens-Cognitive-Development%2Fdp%2FB015RZ8X0Q%2Fref%3Dsr_1_19%2F144-5227260-7469430%3Fie%3DUTF8%26qid%3D1499241776%26sr%3D8-19-spons%26keywords%3Dprenatal%2BDHA%2Bsupplement%26psc%3D1&qualifier=1499241776&id=616328905455924&widgetName=sp_btf",
  "query" : "prenatal DHA supplement",
  "category" : "",
  "query_group_id" : 10
}
{
  "adId" : 6791,
  "campaignId" : 8041,
  "keyWords" : [ "Mother’s", "Select", "Baby", "DHA", "Drops,", "Liquid", "DHA", "Supports", "Junior", "Brain", "and", "Visual", "Development,", "60", "ML", "Special", "Direct", "Drop", "Bottle", "for", "Easy", "Measuring,", "Natural", "Flavor,", "for", "Infants", "and", "Toddlers,", "Made", "in", "USA" ],
  "relevanceScore" : 0.0,
  "pClick" : 0.0,
  "bidPrice" : 12.5,
  "rankScore" : 0.0,
  "qualityScore" : 0.0,
  "costPerClick" : 0.0,
  "position" : 0,
  "title" : "Mother’s Select Baby DHA Drops, Liquid DHA Supports Junior Brain and Visual Development, 60 ML Special Direct Drop Bottle for Easy Measuring, Natural Flavor, for Infants and Toddlers, Made in USA",
  "price" : "$ 16 90",
  "thumbnail" : "https://images-na.ssl-images-amazon.com/images/I/41D3oN0LrdL._AC_US218_.jpg",
  "description" : null,
  "brand" : "Mother’s",
  "detail_url" : "https://www.amazon.com/gp/slredirect/picassoRedirect.html/ref=pa_sp_btf_aps_sr_pg1_2?ie=UTF8&adId=A08889601YV6JKNN5DOVK&url=https%3A%2F%2Fwww.amazon.com%2FMothers-Select-Supports-Development-Measuring%2Fdp%2FB01LYTTD9V%2Fref%3Dsr_1_20%2F144-5227260-7469430%3Fie%3DUTF8%26qid%3D1499241776%26sr%3D8-20-spons%26keywords%3Dprenatal%2BDHA%2Bsupplement%26psc%3D1&qualifier=1499241776&id=616328905455924&widgetName=sp_btf",
  "query" : "prenatal DHA supplement",
  "category" : "",
  "query_group_id" : 10
}
